农林牧渔类,农业类,510101,作物生产技术,
农林牧渔类,农业类,510102,种子生产与经营,
农林牧渔类,农业类,510103,设施农业与装备,
农林牧渔类,农业类,510104,现代农业技术,
农林牧渔类,农业类,510105,休闲农业,
农林牧渔类,农业类,510106,生态农业技术,
农林牧渔类,农业类,510107,园艺技术,
农林牧渔类,农业类,510108,植物保护与检疫技术,
农林牧渔类,农业类,510109,茶树栽培与茶叶加工,
农林牧渔类,农业类,510110,中草药栽培技术,
农林牧渔类,农业类,510111,烟草栽培与加工,
农林牧渔类,农业类,510112,棉花加工与经营管理,
农林牧渔类,农业类,510113,农产品加工与质量检测,
农林牧渔类,农业类,510114,绿色食品生产与检验,
农林牧渔类,农业类,510115,农资营销与服务,
农林牧渔类,农业类,510116,农产品流通与管理,
农林牧渔类,农业类,510117,农业装备应用技术,
农林牧渔类,农业类,510118,农业经济管理,
农林牧渔类,农业类,510119,农村经营管理,
农林牧渔类,农业类,510120,食用菌生产与加工,2016年增补,
农林牧渔类,林业类,510201,林业技术,
农林牧渔类,林业类,510202,园林技术,
农林牧渔类,林业类,510203,森林资源保护,
农林牧渔类,林业类,510204,经济林培育与利用,
农林牧渔类,林业类,510205,野生植物资源保护与利用,
农林牧渔类,林业类,510206,野生动物资源保护与利用,
农林牧渔类,林业类,510207,森林生态旅游,
农林牧渔类,林业类,510208,森林防火指挥与通讯,
农林牧渔类,林业类,510209,自然保护区建设与管理,
农林牧渔类,林业类,510210,木工设备应用技术,
农林牧渔类,林业类,510211,木材加工技术,
农林牧渔类,林业类,510212,林业调查与信息处理,
农林牧渔类,林业类,510213,林业信息技术与管理,
农林牧渔类,畜牧业类,510301,畜牧兽医,
农林牧渔类,畜牧业类,510302,动物医学,
农林牧渔类,畜牧业类,510303,动物药学,
农林牧渔类,畜牧业类,510304,动物防疫与检疫,
农林牧渔类,畜牧业类,510305,动物医学检验技术,
农林牧渔类,畜牧业类,510306,宠物养护与驯导,
农林牧渔类,畜牧业类,510307,实验动物技术,
农林牧渔类,畜牧业类,510308,饲料与动物营养,
农林牧渔类,畜牧业类,510309,特种动物养殖,
农林牧渔类,畜牧业类,510310,畜牧工程技术,
农林牧渔类,畜牧业类,510311,蚕桑技术,
农林牧渔类,畜牧业类,510312,草业技术,
农林牧渔类,畜牧业类,510313,养蜂与蜂产品加工,
农林牧渔类,畜牧业类,510314,畜牧业经济管理,
农林牧渔类,渔业类,510401,水产养殖技术,
农林牧渔类,渔业类,510402,海洋渔业技术,
农林牧渔类,渔业类,510403,水族科学与技术,
农林牧渔类,渔业类,510404,水生动物医学,
农林牧渔类,渔业类,510405,渔业经济管理,
资源环境与安全类,资源勘查类,520101,国土资源调查与管理,
资源环境与安全类,资源勘查类,520102,地质调查与矿产普查,
资源环境与安全类,资源勘查类,520103,矿产地质与勘查,
资源环境与安全类,资源勘查类,520104,岩矿分析与鉴定,
资源环境与安全类,资源勘查类,520105,宝玉石鉴定与加工,
资源环境与安全类,资源勘查类,520106,煤田地质与勘查技术,
资源环境与安全类,资源勘查类,520107,权籍信息化管理,2016年增补,
资源环境与安全类,地质类,520201,工程地质勘查,
资源环境与安全类,地质类,520202,水文与工程地质,
资源环境与安全类,地质类,520203,钻探技术,
资源环境与安全类,地质类,520204,矿山地质,
资源环境与安全类,地质类,520205,地球物理勘探技术,
资源环境与安全类,地质类,520206,地质灾害调查与防治,
资源环境与安全类,地质类,520207,环境地质工程,
资源环境与安全类,地质类,520208,岩土工程技术,
资源环境与安全类,测绘地理信息类,520301,工程测量技术,
资源环境与安全类,测绘地理信息类,520302,摄影测量与遥感技术,
资源环境与安全类,测绘地理信息类,520303,测绘工程技术,
资源环境与安全类,测绘地理信息类,520304,测绘地理信息技术,
资源环境与安全类,测绘地理信息类,520305,地籍测绘与土地管理,
资源环境与安全类,测绘地理信息类,520306,矿山测量,
资源环境与安全类,测绘地理信息类,520307,测绘与地质工程技术,
资源环境与安全类,测绘地理信息类,520308,导航与位置服务,
资源环境与安全类,测绘地理信息类,520309,地图制图与数字传播技术,
资源环境与安全类,测绘地理信息类,520310,地理国情监测技术,
资源环境与安全类,测绘地理信息类,520311,国土测绘与规划,
资源环境与安全类,石油与天然气类,520401,钻井技术,
资源环境与安全类,石油与天然气类,520402,油气开采技术,
资源环境与安全类,石油与天然气类,520403,油气储运技术,
资源环境与安全类,石油与天然气类,520404,油气地质勘探技术,
资源环境与安全类,石油与天然气类,520405,油田化学应用技术,
资源环境与安全类,石油与天然气类,520406,石油工程技术,
资源环境与安全类,煤炭类,520501,煤矿开采技术,
资源环境与安全类,煤炭类,520502,矿井建设,
资源环境与安全类,煤炭类,520503,矿山机电技术,
资源环境与安全类,煤炭类,520504,矿井通风与安全,
资源环境与安全类,煤炭类,520505,综合机械化采煤,
资源环境与安全类,煤炭类,520506,选煤技术,
资源环境与安全类,煤炭类,520507,煤炭深加工与利用,
资源环境与安全类,煤炭类,520508,煤化分析与检验,
资源环境与安全类,煤炭类,520509,煤层气采输技术,
资源环境与安全类,煤炭类,520510,矿井运输与提升,
资源环境与安全类,金属与非金属矿类,520601,金属与非金属矿开采技术,
资源环境与安全类,金属与非金属矿类,520602,矿物加工技术,
资源环境与安全类,金属与非金属矿类,520603,矿业装备维护技术,
资源环境与安全类,气象类,520701,大气科学技术,
资源环境与安全类,气象类,520702,大气探测技术,
资源环境与安全类,气象类,520703,应用气象技术,
资源环境与安全类,气象类,520704,防雷技术,
资源环境与安全类,环境保护类,520801,环境监测与控制技术,
资源环境与安全类,环境保护类,520802,农村环境保护,
资源环境与安全类,环境保护类,520803,室内环境检测与控制技术,
资源环境与安全类,环境保护类,520804,环境工程技术,
资源环境与安全类,环境保护类,520805,环境信息技术,
资源环境与安全类,环境保护类,520806,核与辐射检测防护技术,
资源环境与安全类,环境保护类,520807,环境规划与管理,
资源环境与安全类,环境保护类,520808,环境评价与咨询服务,
资源环境与安全类,环境保护类,520809,污染修复与生态工程技术,
资源环境与安全类,环境保护类,520810,清洁生产与减排技术,
资源环境与安全类,环境保护类,520811,资源综合利用与管理技术,
资源环境与安全类,安全类,520901,安全健康与环保,
资源环境与安全类,安全类,520902,化工安全技术,
资源环境与安全类,安全类,520903,救援技术,
资源环境与安全类,安全类,520904,安全技术与管理,
资源环境与安全类,安全类,520905,工程安全评价与监理,
资源环境与安全类,安全类,520906,安全生产监测监控,
资源环境与安全类,安全类,520907,职业卫生技术与管理,
能源动力与材料类,电力技术类,530101,发电厂及电力系统,
能源动力与材料类,电力技术类,530102,供用电技术,
能源动力与材料类,电力技术类,530103,电力系统自动化技术,
能源动力与材料类,电力技术类,530104,高压输配电线路施工运行与维护,
能源动力与材料类,电力技术类,530105,电力系统继电保护与自动化技术,
能源动力与材料类,电力技术类,530106,水电站机电设备与自动化,
能源动力与材料类,电力技术类,530107,电网监控技术,
能源动力与材料类,电力技术类,530108,电力客户服务与管理,
能源动力与材料类,电力技术类,530109,水电站与电力网,
能源动力与材料类,电力技术类,530110,电源变换技术与应用,
能源动力与材料类,电力技术类,530111,农业电气化技术,
能源动力与材料类,电力技术类,530112,分布式发电与微电网技术,
能源动力与材料类,电力技术类,530113,机场电工技术,2016年增补,
能源动力与材料类,热能与发电工程类,530201,电厂热能动力装置,
能源动力与材料类,热能与发电工程类,530202,城市热能应用技术,
能源动力与材料类,热能与发电工程类,530203,核电站动力设备运行与维护,
能源动力与材料类,热能与发电工程类,530204,火电厂集控运行,
能源动力与材料类,热能与发电工程类,530205,电厂化学与环保技术,
能源动力与材料类,热能与发电工程类,530206,电厂热工自动化技术,
能源动力与材料类,新能源发电工程类,530301,风力发电工程技术,
能源动力与材料类,新能源发电工程类,530302,风电系统运行与维护,
能源动力与材料类,新能源发电工程类,530303,生物质能应用技术,
能源动力与材料类,新能源发电工程类,530304,光伏发电技术与应用,
能源动力与材料类,新能源发电工程类,530305,工业节能技术,
能源动力与材料类,新能源发电工程类,530306,节电技术与管理,
能源动力与材料类,新能源发电工程类,530307,太阳能光热技术与应用,
能源动力与材料类,新能源发电工程类,530308,农村能源与环境技术,
能源动力与材料类,黑色金属材料类,530401,黑色冶金技术,
能源动力与材料类,黑色金属材料类,530402,轧钢工程技术,
能源动力与材料类,黑色金属材料类,530403,钢铁冶金设备应用技术,
能源动力与材料类,黑色金属材料类,530404,金属材料质量检测,
能源动力与材料类,黑色金属材料类,530405,铁矿资源综合利用,
能源动力与材料类,有色金属材料类,530501,有色冶金技术,
能源动力与材料类,有色金属材料类,530502,有色冶金设备应用技术,
能源动力与材料类,有色金属材料类,530503,金属压力加工,
能源动力与材料类,有色金属材料类,530504,金属精密成型技术,
能源动力与材料类,非金属材料类,530601,材料工程技术,
能源动力与材料类,非金属材料类,530602,高分子材料工程技术,
能源动力与材料类,非金属材料类,530603,复合材料工程技术,
能源动力与材料类,非金属材料类,530604,非金属矿物材料技术,
能源动力与材料类,非金属材料类,530605,光伏材料制备技术,
能源动力与材料类,非金属材料类,530606,炭素加工技术,
能源动力与材料类,非金属材料类,530607,硅材料制备技术,
能源动力与材料类,非金属材料类,530608,橡胶工程技术,
能源动力与材料类,建筑材料类,530701,建筑材料工程技术,
能源动力与材料类,建筑材料类,530702,建筑材料检测技术,
能源动力与材料类,建筑材料类,530703,建筑装饰材料技术,
能源动力与材料类,建筑材料类,530704,建筑材料设备应用,
能源动力与材料类,建筑材料类,530705,新型建筑材料技术,
能源动力与材料类,建筑材料类,530706,建筑材料生产与管理,
土木建筑类,建筑设计类,540101,建筑设计,
土木建筑类,建筑设计类,540102,建筑装饰工程技术,
土木建筑类,建筑设计类,540103,古建筑工程技术,
土木建筑类,建筑设计类,540104,建筑室内设计,
土木建筑类,建筑设计类,540105,风景园林设计,
土木建筑类,建筑设计类,540106,园林工程技术,
土木建筑类,建筑设计类,540107,建筑动画与模型制作,
土木建筑类,城乡规划与管理类,540201,城乡规划,
土木建筑类,城乡规划与管理类,540202,村镇建设与管理,
土木建筑类,城乡规划与管理类,540203,城市信息化管理,
土木建筑类,土建施工类,540301,建筑工程技术,
土木建筑类,土建施工类,540302,地下与隧道工程技术,
土木建筑类,土建施工类,540303,土木工程检测技术,
土木建筑类,土建施工类,540304,建筑钢结构工程技术,
土木建筑类,建筑设备类,540401,建筑设备工程技术,
土木建筑类,建筑设备类,540402,供热通风与空调工程技术,
土木建筑类,建筑设备类,540403,建筑电气工程技术,
土木建筑类,建筑设备类,540404,建筑智能化工程技术,
土木建筑类,建筑设备类,540405,工业设备安装工程技术,
土木建筑类,建筑设备类,540406,消防工程技术,
土木建筑类,建设工程管理类,540501,建设工程管理,
土木建筑类,建设工程管理类,540502,工程造价,
土木建筑类,建设工程管理类,540503,建筑经济管理,
土木建筑类,建设工程管理类,540504,建设项目信息化管理,
土木建筑类,建设工程管理类,540505,建设工程监理,
土木建筑类,市政工程类,540601,市政工程技术,
土木建筑类,市政工程类,540602,城市燃气工程技术,
土木建筑类,市政工程类,540603,给排水工程技术,
土木建筑类,市政工程类,540604,环境卫生工程技术,
土木建筑类,房地产类,540701,房地产经营与管理,
土木建筑类,房地产类,540702,房地产检测与估价,
土木建筑类,房地产类,540703,物业管理,
水利类,水文水资源类,550101,水文与水资源工程,
水利类,水文水资源类,550102,水文测报技术,
水利类,水文水资源类,550103,水政水资源管理,
水利类,水利工程与管理类,550201,水利工程,
水利类,水利工程与管理类,550202,水利水电工程技术,
水利类,水利工程与管理类,550203,水利水电工程管理,
水利类,水利工程与管理类,550204,水利水电建筑工程,
水利类,水利工程与管理类,550205,机电排灌工程技术,
水利类,水利工程与管理类,550206,港口航道与治河工程,
水利类,水利工程与管理类,550207,水务管理,
水利类,水利水电设备类,550301,水电站动力设备,
水利类,水利水电设备类,550302,水电站电气设备,
水利类,水利水电设备类,550303,水电站运行与管理,
水利类,水利水电设备类,550304,水利机电设备运行与管理,
水利类,水土保持与水环境类,550401,水土保持技术,
水利类,水土保持与水环境类,550402,水环境监测与治理,
装备制造类,机械设计制造类,560101,机械设计与制造,
装备制造类,机械设计制造类,560102,机械制造与自动化,
装备制造类,机械设计制造类,560103,数控技术,
装备制造类,机械设计制造类,560104,精密机械技术,
装备制造类,机械设计制造类,560105,特种加工技术,
装备制造类,机械设计制造类,560106,材料成型与控制技术,
装备制造类,机械设计制造类,560107,金属材料与热处理技术,
装备制造类,机械设计制造类,560108,铸造技术,
装备制造类,机械设计制造类,560109,锻压技术,
装备制造类,机械设计制造类,560110,焊接技术与自动化,
装备制造类,机械设计制造类,560111,机械产品检测检验技术,
装备制造类,机械设计制造类,560112,理化测试与质检技术,
装备制造类,机械设计制造类,560113,模具设计与制造,
装备制造类,机械设计制造类,560114,电机与电器技术,
装备制造类,机械设计制造类,560115,电线电缆制造技术,
装备制造类,机械设计制造类,560116,内燃机制造与维修,
装备制造类,机械设计制造类,560117,机械装备制造技术,
装备制造类,机械设计制造类,560118,工业设计,
装备制造类,机械设计制造类,560119,工业工程技术,
装备制造类,机电设备类,560201,自动化生产设备应用,
装备制造类,机电设备类,560202,机电设备安装技术,
装备制造类,机电设备类,560203,机电设备维修与管理,
装备制造类,机电设备类,560204,数控设备应用与维护,
装备制造类,机电设备类,560205,制冷与空调技术,
装备制造类,机电设备类,560206,光电制造与应用技术,
装备制造类,机电设备类,560207,新能源装备技术,
装备制造类,自动化类,560301,机电一体化技术,
装备制造类,自动化类,560302,电气自动化技术,
装备制造类,自动化类,560303,工业过程自动化技术,
装备制造类,自动化类,560304,智能控制技术,
装备制造类,自动化类,560305,工业网络技术,
装备制造类,自动化类,560306,工业自动化仪表,
装备制造类,自动化类,560307,液压与气动技术,
装备制造类,自动化类,560308,电梯工程技术,
装备制造类,自动化类,560309,工业机器人技术,
装备制造类,铁道装备类,560401,铁道机车车辆制造与维护,
装备制造类,铁道装备类,560402,铁道通信信号设备制造与维护,
装备制造类,铁道装备类,560403,铁道施工和养路机械制造与维护,
装备制造类,船舶与海洋工程装备类,560501,船舶工程技术,
装备制造类,船舶与海洋工程装备类,560502,船舶机械工程技术,
装备制造类,船舶与海洋工程装备类,560503,船舶电气工程技术,
装备制造类,船舶与海洋工程装备类,560504,船舶舾装工程技术,
装备制造类,船舶与海洋工程装备类,560505,船舶涂装工程技术,
装备制造类,船舶与海洋工程装备类,560506,游艇设计与制造,
装备制造类,船舶与海洋工程装备类,560507,海洋工程技术,
装备制造类,船舶与海洋工程装备类,560508,船舶通信与导航,
装备制造类,船舶与海洋工程装备类,560509,船舶动力工程技术,
装备制造类,航空装备类,560601,飞行器制造技术,
装备制造类,航空装备类,560602,飞行器维修技术,
装备制造类,航空装备类,560603,航空发动机制造技术,
装备制造类,航空装备类,560604,航空发动机装试技术,
装备制造类,航空装备类,560605,航空发动机维修技术,
装备制造类,航空装备类,560606,飞机机载设备制造技术,
装备制造类,航空装备类,560607,飞机机载设备维修技术,
装备制造类,航空装备类,560608,航空电子电气技术,
装备制造类,航空装备类,560609,航空材料精密成型技术,
装备制造类,航空装备类,560610,无人机应用技术,
装备制造类,航空装备类,560611,导弹维修,
装备制造类,汽车制造类,560701,汽车制造与装配技术,
装备制造类,汽车制造类,560702,汽车检测与维修技术,
装备制造类,汽车制造类,560703,汽车电子技术,
装备制造类,汽车制造类,560704,汽车造型技术,
装备制造类,汽车制造类,560705,汽车试验技术,
装备制造类,汽车制造类,560706,汽车改装技术,
装备制造类,汽车制造类,560707,新能源汽车技术,
生物与化工类,生物技术类,570101,食品生物技术,
生物与化工类,生物技术类,570102,化工生物技术,
生物与化工类,生物技术类,570103,药品生物技术,
生物与化工类,生物技术类,570104,农业生物技术,
生物与化工类,生物技术类,570105,生物产品检验检疫,
生物与化工类,化工技术类,570201,应用化工技术,
生物与化工类,化工技术类,570202,石油炼制技术,
生物与化工类,化工技术类,570203,石油化工技术,
生物与化工类,化工技术类,570204,高分子合成技术,
生物与化工类,化工技术类,570205,精细化工技术,
生物与化工类,化工技术类,570206,海洋化工技术,
生物与化工类,化工技术类,570207,工业分析技术,
生物与化工类,化工技术类,570208,化工装备技术,
生物与化工类,化工技术类,570209,化工自动化技术,
生物与化工类,化工技术类,570210,涂装防护技术,
生物与化工类,化工技术类,570211,烟花爆竹技术与管理,
生物与化工类,化工技术类,570212,煤化工技术,
轻工纺织类,轻化工类,580101,高分子材料加工技术,
轻工纺织类,轻化工类,580102,制浆造纸技术,
轻工纺织类,轻化工类,580103,香料香精工艺,
轻工纺织类,轻化工类,580104,表面精饰工艺,
轻工纺织类,轻化工类,580105,家具设计与制造,
轻工纺织类,轻化工类,580106,化妆品技术,
轻工纺织类,轻化工类,580107,皮革加工技术,
轻工纺织类,轻化工类,580108,皮具制作与工艺,
轻工纺织类,轻化工类,580109,鞋类设计与工艺,
轻工纺织类,轻化工类,580110,乐器制造与维护,
轻工纺织类,轻化工类,580111,陶瓷制造工艺,
轻工纺织类,轻化工类,580112,珠宝首饰技术与管理,2016年增补,
轻工纺织类,包装类,580201,包装工程技术,
轻工纺织类,包装类,580202,包装策划与设计,
轻工纺织类,包装类,580203,包装设备应用技术,
轻工纺织类,包装类,580204,食品包装技术,
轻工纺织类,印刷类,580301,数字图文信息技术,
轻工纺织类,印刷类,580302,印刷设备应用技术,
轻工纺织类,印刷类,580303,印刷媒体设计与制作,
轻工纺织类,印刷类,580304,印刷媒体技术,
轻工纺织类,印刷类,580305,数字印刷技术,
轻工纺织类,纺织服装类,580401,现代纺织技术,
轻工纺织类,纺织服装类,580402,丝绸技术,
轻工纺织类,纺织服装类,580403,染整技术,
轻工纺织类,纺织服装类,580404,纺织机电技术,
轻工纺织类,纺织服装类,580405,纺织品检验与贸易,
轻工纺织类,纺织服装类,580406,纺织品设计,
轻工纺织类,纺织服装类,580407,家用纺织品设计,
轻工纺织类,纺织服装类,580408,纺织材料与应用,
轻工纺织类,纺织服装类,580409,针织技术与针织服装,
轻工纺织类,纺织服装类,580410,服装设计与工艺,
轻工纺织类,纺织服装类,580411,皮革服装制作与工艺,
轻工纺织类,纺织服装类,580412,服装陈列与展示设计,
食品药品与粮食类,食品工业类,590101,食品加工技术,
食品药品与粮食类,食品工业类,590102,酿酒技术,
食品药品与粮食类,食品工业类,590103,食品质量与安全,
食品药品与粮食类,食品工业类,590104,食品贮运与营销,
食品药品与粮食类,食品工业类,590105,食品检测技术,
食品药品与粮食类,食品工业类,590106,食品营养与卫生,
食品药品与粮食类,食品工业类,590107,食品营养与检测,
食品药品与粮食类,药品制造类,590201,中药生产与加工,
食品药品与粮食类,药品制造类,590202,药品生产技术,
食品药品与粮食类,药品制造类,590203,兽药制药技术,
食品药品与粮食类,药品制造类,590204,药品质量与安全,
食品药品与粮食类,药品制造类,590205,制药设备应用技术,
食品药品与粮食类,食品药品管理类,590301,药品经营与管理,
食品药品与粮食类,食品药品管理类,590302,药品服务与管理,
食品药品与粮食类,食品药品管理类,590303,保健品开发与管理,
食品药品与粮食类,食品药品管理类,590304,化妆品经营与管理,
食品药品与粮食类,食品药品管理类,590305,食品药品监督管理,2016年增补,
食品药品与粮食类,粮食工业类,590401,粮食工程技术,
食品药品与粮食类,粮食储检类,590501,粮油储藏与检测技术,
交通运输类,铁道运输类,600101,铁道机车,
交通运输类,铁道运输类,600102,铁道车辆,
交通运输类,铁道运输类,600103,铁道供电技术,
交通运输类,铁道运输类,600104,铁道工程技术,
交通运输类,铁道运输类,600105,铁道机械化维修技术,
交通运输类,铁道运输类,600106,铁道信号自动控制,
交通运输类,铁道运输类,600107,铁道通信与信息化技术,
交通运输类,铁道运输类,600108,铁道交通运营管理,
交通运输类,铁道运输类,600109,铁路物流管理,
交通运输类,铁道运输类,600110,铁路桥梁与隧道工程技术,
交通运输类,铁道运输类,600111,高速铁道工程技术,
交通运输类,铁道运输类,600112,高速铁路客运乘务,
交通运输类,铁道运输类,600113,动车组检修技术,
交通运输类,道路运输类,600201,智能交通技术运用,
交通运输类,道路运输类,600202,道路桥梁工程技术,
交通运输类,道路运输类,600203,道路运输与路政管理,
交通运输类,道路运输类,600204,道路养护与管理,
交通运输类,道路运输类,600205,公路机械化施工技术,
交通运输类,道路运输类,600206,工程机械运用技术,
交通运输类,道路运输类,600207,交通运营管理,
交通运输类,道路运输类,600208,交通枢纽运营管理,
交通运输类,道路运输类,600209,汽车运用与维修技术,
交通运输类,道路运输类,600210,汽车车身维修技术,
交通运输类,道路运输类,600211,汽车运用安全管理,
交通运输类,道路运输类,600212,新能源汽车运用与维修,
交通运输类,水上运输类,600301,航海技术,
交通运输类,水上运输类,600302,国际邮轮乘务管理,
交通运输类,水上运输类,600303,船舶电子电气技术,
交通运输类,水上运输类,600304,船舶检验,
交通运输类,水上运输类,600305,港口机械与自动控制,
交通运输类,水上运输类,600306,港口电气技术,
交通运输类,水上运输类,600307,港口与航道工程技术,
交通运输类,水上运输类,600308,港口与航运管理,
交通运输类,水上运输类,600309,港口物流管理,
交通运输类,水上运输类,600310,轮机工程技术,
交通运输类,水上运输类,600311,水上救捞技术,
交通运输类,水上运输类,600312,水路运输与海事管理,
交通运输类,水上运输类,600313,集装箱运输管理,
交通运输类,航空运输类,600401,民航运输,
交通运输类,航空运输类,600402,民航通信技术,
交通运输类,航空运输类,600403,定翼机驾驶技术,
交通运输类,航空运输类,600404,直升机驾驶技术,
交通运输类,航空运输类,600405,空中乘务,
交通运输类,航空运输类,600406,民航安全技术管理,
交通运输类,航空运输类,600407,民航空中安全保卫,
交通运输类,航空运输类,600408,机场运行,
交通运输类,航空运输类,600409,飞机机电设备维修,
交通运输类,航空运输类,600410,飞机电子设备维修,
交通运输类,航空运输类,600411,飞机部件修理,
交通运输类,航空运输类,600412,航空地面设备维修,
交通运输类,航空运输类,600413,机场场务技术与管理,
交通运输类,航空运输类,600414,航空油料,
交通运输类,航空运输类,600415,航空物流,
交通运输类,航空运输类,600416,通用航空器维修,
交通运输类,航空运输类,600417,通用航空航务技术,
交通运输类,航空运输类,600418,飞机结构修理,
交通运输类,管道运输类,600501,管道工程技术,
交通运输类,管道运输类,600502,管道运输管理,
交通运输类,城市轨道交通类,600601,城市轨道交通车辆技术,
交通运输类,城市轨道交通类,600602,城市轨道交通机电技术,
交通运输类,城市轨道交通类,600603,城市轨道交通通信信号技术,
交通运输类,城市轨道交通类,600604,城市轨道交通供配电技术,
交通运输类,城市轨道交通类,600605,城市轨道交通工程技术,
交通运输类,城市轨道交通类,600606,城市轨道交通运营管理,
交通运输类,邮政类,600701,邮政通信管理,
交通运输类,邮政类,600702,快递运营管理,
电子信息类,电子信息类,610101,电子信息工程技术,
电子信息类,电子信息类,610102,应用电子技术,
电子信息类,电子信息类,610103,微电子技术,
电子信息类,电子信息类,610104,智能产品开发,
电子信息类,电子信息类,610105,智能终端技术与应用,
电子信息类,电子信息类,610106,智能监控技术应用,
电子信息类,电子信息类,610107,汽车智能技术,
电子信息类,电子信息类,610108,电子产品质量检测,
电子信息类,电子信息类,610109,电子产品营销与服务,
电子信息类,电子信息类,610110,电子电路设计与工艺,
电子信息类,电子信息类,610111,电子制造技术与设备,
电子信息类,电子信息类,610112,电子测量技术与仪器,
电子信息类,电子信息类,610113,电子工艺与管理,
电子信息类,电子信息类,610114,声像工程技术,
电子信息类,电子信息类,610115,移动互联应用技术,
电子信息类,电子信息类,610116,光电技术应用,
电子信息类,电子信息类,610117,光伏工程技术,
电子信息类,电子信息类,610118,光电显示技术,
电子信息类,电子信息类,610119,物联网应用技术,
电子信息类,计算机类,610201,计算机应用技术,
电子信息类,计算机类,610202,计算机网络技术,
电子信息类,计算机类,610203,计算机信息管理,
电子信息类,计算机类,610204,计算机系统与维护,
电子信息类,计算机类,610205,软件技术,
电子信息类,计算机类,610206,软件与信息服务,
电子信息类,计算机类,610207,动漫制作技术,
电子信息类,计算机类,610208,嵌入式技术与应用,
电子信息类,计算机类,610209,数字展示技术,
电子信息类,计算机类,610210,数字媒体应用技术,
电子信息类,计算机类,610211,信息安全与管理,
电子信息类,计算机类,610212,移动应用开发,
电子信息类,计算机类,610213,云计算技术与应用,
电子信息类,计算机类,610214,电子商务技术,
电子信息类,计算机类,610215,大数据技术与应用,2016年增补,
电子信息类,通信类,610301,通信技术,
电子信息类,通信类,610302,移动通信技术,
电子信息类,通信类,610303,通信系统运行管理,
电子信息类,通信类,610304,通信工程设计与监理,
电子信息类,通信类,610305,电信服务与管理,
电子信息类,通信类,610306,光通信技术,
电子信息类,通信类,610307,物联网工程技术,
医药卫生类,临床医学类,620101K,临床医学,
医药卫生类,临床医学类,620102K,口腔医学,
医药卫生类,临床医学类,620103K,中医学,
医药卫生类,临床医学类,620104K,中医骨伤,
医药卫生类,临床医学类,620105K,针灸推拿,
医药卫生类,临床医学类,620106K,蒙医学,
医药卫生类,临床医学类,620107K,藏医学,
医药卫生类,临床医学类,620108K,维医学,
医药卫生类,临床医学类,620109K,傣医学,
医药卫生类,临床医学类,620110K,哈医学,
医药卫生类,护理类,620201,护理,
医药卫生类,护理类,620202,助产,
医药卫生类,药学类,620301,药学,
医药卫生类,药学类,620302,中药学,
医药卫生类,药学类,620303,蒙药学,
医药卫生类,药学类,620304,维药学,
医药卫生类,药学类,620305,藏药学,
医药卫生类,医学技术类,620401,医学检验技术,
医药卫生类,医学技术类,620402,医学生物技术,
医药卫生类,医学技术类,620403,医学影像技术,
医药卫生类,医学技术类,620404,医学美容技术,
医药卫生类,医学技术类,620405,口腔医学技术,
医药卫生类,医学技术类,620406,卫生检验与检疫技术,
医药卫生类,医学技术类,620407,眼视光技术,
医药卫生类,医学技术类,620408,放射治疗技术,
医药卫生类,医学技术类,620409,呼吸治疗技术,
医药卫生类,康复治疗类,620501,康复治疗技术,
医药卫生类,康复治疗类,620502,言语听觉康复技术,
医药卫生类,康复治疗类,620503,中医康复技术,
医药卫生类,公共卫生与卫生管理类,620601K,预防医学,
医药卫生类,公共卫生与卫生管理类,620602,公共卫生管理,
医药卫生类,公共卫生与卫生管理类,620603,卫生监督,
医药卫生类,公共卫生与卫生管理类,620604,卫生信息管理,
医药卫生类,人口与计划生育类,620701,人口与家庭发展服务,
医药卫生类,人口与计划生育类,620702,生殖健康服务与管理,
医药卫生类,健康管理与促进类,620801,健康管理,
医药卫生类,健康管理与促进类,620802,医学营养,
医药卫生类,健康管理与促进类,620803,中医养生保健,
医药卫生类,健康管理与促进类,620804,心理咨询,
医药卫生类,健康管理与促进类,620805,医疗设备应用技术,
医药卫生类,健康管理与促进类,620806,精密医疗器械技术,
医药卫生类,健康管理与促进类,620807,医疗器械维护与管理,
医药卫生类,健康管理与促进类,620808,康复工程技术,
医药卫生类,健康管理与促进类,620809,康复辅助器具技术,
医药卫生类,健康管理与促进类,620810,假肢与矫形器技术,
医药卫生类,健康管理与促进类,620811,老年保健与管理,
医药卫生类,健康管理与促进类,620812,医疗器械经营与管理,2016年增补,
财经商贸类,财政税务类,630101,财政,
财经商贸类,财政税务类,630102,税务,
财经商贸类,财政税务类,630103,资产评估与管理,
财经商贸类,财政税务类,630104,政府采购管理,
财经商贸类,金融类,630201,金融管理,
财经商贸类,金融类,630202,国际金融,
财经商贸类,金融类,630203,证券与期货,
财经商贸类,金融类,630204,信托与租赁,
财经商贸类,金融类,630205,保险,
财经商贸类,金融类,630206,投资与理财,
财经商贸类,金融类,630207,信用管理,
财经商贸类,金融类,630208,农村金融,
财经商贸类,金融类,630209,互联网金融,
财经商贸类,财务会计类,630301,财务管理,
财经商贸类,财务会计类,630302,会计,
财经商贸类,财务会计类,630303,审计,
财经商贸类,财务会计类,630304,会计信息管理,
财经商贸类,统计类,630401,信息统计与分析,
财经商贸类,统计类,630402,统计与会计核算,
财经商贸类,经济贸易类,630501,国际贸易实务,
财经商贸类,经济贸易类,630502,国际经济与贸易,
财经商贸类,经济贸易类,630503,国际商务,
财经商贸类,经济贸易类,630504,服务外包,
财经商贸类,经济贸易类,630505,经济信息管理,
财经商贸类,经济贸易类,630506,报关与国际货运,
财经商贸类,经济贸易类,630507,商务经纪与代理,
财经商贸类,经济贸易类,630508,国际文化贸易,
财经商贸类,工商管理类,630601,工商企业管理,
财经商贸类,工商管理类,630602,商务管理,
财经商贸类,工商管理类,630603,商检技术,
财经商贸类,工商管理类,630604,连锁经营管理,
财经商贸类,工商管理类,630605,市场管理与服务,
财经商贸类,工商管理类,630606,品牌代理经营,
财经商贸类,工商管理类,630607,中小企业创业与经营,2016年增补,
财经商贸类,市场营销类,630701,市场营销,
财经商贸类,市场营销类,630702,汽车营销与服务,
财经商贸类,市场营销类,630703,广告策划与营销,
财经商贸类,市场营销类,630704,茶艺与茶叶营销,
财经商贸类,电子商务类,630801,电子商务,
财经商贸类,电子商务类,630802,移动商务,
财经商贸类,电子商务类,630803,网络营销,
财经商贸类,电子商务类,630804,商务数据分析与应用,2016年增补,
财经商贸类,物流类,630901,物流工程技术,
财经商贸类,物流类,630902,物流信息技术,
财经商贸类,物流类,630903,物流管理,
财经商贸类,物流类,630904,物流金融管理,
财经商贸类,物流类,630905,工程物流管理,
财经商贸类,物流类,630906,冷链物流技术与管理,
财经商贸类,物流类,630907,采购与供应管理,
旅游类,旅游类,640101,旅游管理,
旅游类,旅游类,640102,导游,
旅游类,旅游类,640103,旅行社经营管理,
旅游类,旅游类,640104,景区开发与管理,
旅游类,旅游类,640105,酒店管理,
旅游类,旅游类,640106,休闲服务与管理,
旅游类,餐饮类,640201,餐饮管理,
旅游类,餐饮类,640202,烹调工艺与营养,
旅游类,餐饮类,640203,营养配餐,
旅游类,餐饮类,640204,中西面点工艺,
旅游类,餐饮类,640205,西餐工艺,
旅游类,会展类,640301,会展策划与管理,
文化艺术类,艺术设计类,650101,艺术设计,
文化艺术类,艺术设计类,650102,视觉传播设计与制作,
文化艺术类,艺术设计类,650103,广告设计与制作,
文化艺术类,艺术设计类,650104,数字媒体艺术设计,
文化艺术类,艺术设计类,650105,产品艺术设计,
文化艺术类,艺术设计类,650106,家具艺术设计,
文化艺术类,艺术设计类,650107,皮具艺术设计,
文化艺术类,艺术设计类,650108,服装与服饰设计,
文化艺术类,艺术设计类,650109,室内艺术设计,
文化艺术类,艺术设计类,650110,展示艺术设计,
文化艺术类,艺术设计类,650111,环境艺术设计,
文化艺术类,艺术设计类,650112,公共艺术设计,
文化艺术类,艺术设计类,650113,雕刻艺术设计,
文化艺术类,艺术设计类,650114,包装艺术设计,
文化艺术类,艺术设计类,650115,陶瓷设计与工艺,
文化艺术类,艺术设计类,650116,刺绣设计与工艺,
文化艺术类,艺术设计类,650117,玉器设计与工艺,
文化艺术类,艺术设计类,650118,首饰设计与工艺,
文化艺术类,艺术设计类,650119,工艺美术品设计,
文化艺术类,艺术设计类,650120,动漫设计,
文化艺术类,艺术设计类,650121,游戏设计,
文化艺术类,艺术设计类,650122,人物形象设计,
文化艺术类,艺术设计类,650123,美容美体艺术,
文化艺术类,艺术设计类,650124,摄影与摄像艺术,
文化艺术类,艺术设计类,650125,美术,
文化艺术类,表演艺术类,650201,表演艺术,
文化艺术类,表演艺术类,650202,戏剧影视表演,
文化艺术类,表演艺术类,650203,歌舞表演,
文化艺术类,表演艺术类,650204,戏曲表演,
文化艺术类,表演艺术类,650205,曲艺表演,
文化艺术类,表演艺术类,650206,音乐剧表演,
文化艺术类,表演艺术类,650207,舞蹈表演,
文化艺术类,表演艺术类,650208,国际标准舞,
文化艺术类,表演艺术类,650209,服装表演,
文化艺术类,表演艺术类,650210,模特与礼仪,
文化艺术类,表演艺术类,650211,现代流行音乐,
文化艺术类,表演艺术类,650212,作曲技术,
文化艺术类,表演艺术类,650213,音乐制作,
文化艺术类,表演艺术类,650214,钢琴伴奏,
文化艺术类,表演艺术类,650215,钢琴调律,
文化艺术类,表演艺术类,650216,舞蹈编导,
文化艺术类,表演艺术类,650217,戏曲导演,
文化艺术类,表演艺术类,650218,舞台艺术设计与制作,
文化艺术类,表演艺术类,650219,音乐表演,
文化艺术类,表演艺术类,650220,音乐传播,2016年增补,
文化艺术类,民族文化类,650301,民族表演艺术,
文化艺术类,民族文化类,650302,民族美术,
文化艺术类,民族文化类,650303,民族服装与服饰,
文化艺术类,民族文化类,650304,民族民居装饰,
文化艺术类,民族文化类,650305,民族传统技艺,
文化艺术类,民族文化类,650306,少数民族古籍修复,
文化艺术类,民族文化类,650307,中国少数民族语言文化,
文化艺术类,文化服务类,650401,文化创意与策划,
文化艺术类,文化服务类,650402,文化市场经营管理,
文化艺术类,文化服务类,650403,公共文化服务与管理,
文化艺术类,文化服务类,650404,文物修复与保护,
文化艺术类,文化服务类,650405,考古探掘技术,
文化艺术类,文化服务类,650406,文物博物馆服务与管理,
文化艺术类,文化服务类,650407,图书档案管理,
新闻传播类,新闻出版类,660101,图文信息处理,
新闻传播类,新闻出版类,660102,网络新闻与传播,
新闻传播类,新闻出版类,660103,版面编辑与校对,
新闻传播类,新闻出版类,660104,出版商务,
新闻传播类,新闻出版类,660105,出版与电脑编辑技术,
新闻传播类,新闻出版类,660106,出版信息管理,
新闻传播类,新闻出版类,660107,数字出版,
新闻传播类,新闻出版类,660108,数字媒体设备管理,
新闻传播类,广播影视类,660201,新闻采编与制作,
新闻传播类,广播影视类,660202,播音与主持,
新闻传播类,广播影视类,660203,广播影视节目制作,
新闻传播类,广播影视类,660204,广播电视技术,
新闻传播类,广播影视类,660205,影视制片管理,
新闻传播类,广播影视类,660206,影视编导,
新闻传播类,广播影视类,660207,影视美术,
新闻传播类,广播影视类,660208,影视多媒体技术,
新闻传播类,广播影视类,660209,影视动画,
新闻传播类,广播影视类,660210,影视照明技术与艺术,
新闻传播类,广播影视类,660211,音像技术,
新闻传播类,广播影视类,660212,录音技术与艺术,
新闻传播类,广播影视类,660213,摄影摄像技术,
新闻传播类,广播影视类,660214,传播与策划,
新闻传播类,广播影视类,660215,媒体营销,
教育与体育类,教育类,670101K,早期教育,
教育与体育类,教育类,670102K,学前教育,
教育与体育类,教育类,670103K,小学教育,
教育与体育类,教育类,670104K,语文教育,
教育与体育类,教育类,670105K,数学教育,
教育与体育类,教育类,670106K,英语教育,
教育与体育类,教育类,670107K,物理教育,
教育与体育类,教育类,670108K,化学教育,
教育与体育类,教育类,670109K,生物教育,
教育与体育类,教育类,670110K,历史教育,
教育与体育类,教育类,670111K,地理教育,
教育与体育类,教育类,670112K,音乐教育,
教育与体育类,教育类,670113K,美术教育,
教育与体育类,教育类,670114K,体育教育,
教育与体育类,教育类,670115K,思想政治教育,
教育与体育类,教育类,670116K,舞蹈教育,
教育与体育类,教育类,670117K,艺术教育,
教育与体育类,教育类,670118K,特殊教育,
教育与体育类,教育类,670119K,科学教育,
教育与体育类,教育类,670120K,现代教育技术,
教育与体育类,教育类,670121K,心理健康教育,
教育与体育类,语言类,670201,汉语,
教育与体育类,语言类,670202,商务英语,
教育与体育类,语言类,670203,应用英语,
教育与体育类,语言类,670204,旅游英语,
教育与体育类,语言类,670205,商务日语,
教育与体育类,语言类,670206,应用日语,
教育与体育类,语言类,670207,旅游日语,
教育与体育类,语言类,670208,应用韩语,
教育与体育类,语言类,670209,应用俄语,
教育与体育类,语言类,670210,应用法语,
教育与体育类,语言类,670211,应用德语,
教育与体育类,语言类,670212,应用西班牙语,
教育与体育类,语言类,670213,应用越南语,
教育与体育类,语言类,670214,应用泰语,
教育与体育类,语言类,670215,应用阿拉伯语,
教育与体育类,语言类,670216,应用外语,
教育与体育类,文秘类,670301,文秘,
教育与体育类,文秘类,670302,文秘速录,
教育与体育类,体育类,670401,运动训练,
教育与体育类,体育类,670402,运动防护,
教育与体育类,体育类,670403,社会体育,
教育与体育类,体育类,670404,休闲体育,
教育与体育类,体育类,670405,高尔夫球运动与管理,
教育与体育类,体育类,670406,民族传统体育,
教育与体育类,体育类,670407,体育艺术表演,
教育与体育类,体育类,670408,体育运营与管理,
教育与体育类,体育类,670409,体育保健与康复,
教育与体育类,体育类,670410,健身指导与管理,
教育与体育类,体育类,670411,电子竞技运动与管理,2016年增补,
公安与司法类,公安管理类,680101K,治安管理,
公安与司法类,公安管理类,680102K,交通管理,
公安与司法类,公安管理类,680103K,信息网络安全监察,
公安与司法类,公安管理类,680104K,防火管理,
公安与司法类,公安管理类,680105K,边防检查,
公安与司法类,公安管理类,680106K,边境管理,
公安与司法类,公安管理类,680107K,特警,
公安与司法类,公安管理类,680108K,警察管理,
公安与司法类,公安管理类,680109K,公共安全管理,
公安与司法类,公安管理类,680110K,森林消防,
公安与司法类,公安管理类,680111K,部队后勤管理,
公安与司法类,公安管理类,680112K,部队政治工作,
公安与司法类,公安指挥类,680201K,警察指挥与战术,
公安与司法类,公安指挥类,680202K,边防指挥,
公安与司法类,公安指挥类,680203K,船艇指挥,
公安与司法类,公安指挥类,680204K,通信指挥,
公安与司法类,公安指挥类,680205K,消防指挥,
公安与司法类,公安指挥类,680206K,参谋业务,
公安与司法类,公安指挥类,680207K,抢险救援,
公安与司法类,公安技术类,680301K,刑事科学技术,
公安与司法类,公安技术类,680302K,警犬技术,
公安与司法类,侦查类,680401K,刑事侦查,
公安与司法类,侦查类,680402K,国内安全保卫,
公安与司法类,侦查类,680403K,经济犯罪侦查,
公安与司法类,侦查类,680404K,禁毒,
公安与司法类,法律实务类,680501,司法助理,
公安与司法类,法律实务类,680502,法律文秘,
公安与司法类,法律实务类,680503,法律事务,
公安与司法类,法律实务类,680504,检察事务,
公安与司法类,法律执行类,680601K,刑事执行,
公安与司法类,法律执行类,680603K,行政执行,
公安与司法类,法律执行类,680604K,司法警务,
公安与司法类,法律执行类,680602,民事执行,
公安与司法类,法律执行类,680605,社区矫正,
公安与司法类,司法技术类,680701K,刑事侦查技术,
公安与司法类,司法技术类,680702,安全防范技术,
公安与司法类,司法技术类,680703K,司法信息技术,
公安与司法类,司法技术类,680704,司法鉴定技术,
公安与司法类,司法技术类,680705K,司法信息安全,
公安与司法类,司法技术类,680706K,罪犯心理测量与矫正技术,
公安与司法类,司法技术类,680707K,戒毒矫治技术,
公安与司法类,司法技术类,680708,职务犯罪预防与控制,
公共管理与服务类,公共事业类,690101,社会工作,
公共管理与服务类,公共事业类,690102,社会福利事业管理,
公共管理与服务类,公共事业类,690103,青少年工作与管理,
公共管理与服务类,公共事业类,690104,社区管理与服务,
公共管理与服务类,公共事业类,690105,公共关系,
公共管理与服务类,公共事业类,690106,人民武装,
公共管理与服务类,公共管理类,690201,民政管理,
公共管理与服务类,公共管理类,690202,人力资源管理,
公共管理与服务类,公共管理类,690203,劳动与社会保障,
公共管理与服务类,公共管理类,690204,网络舆情监测,
公共管理与服务类,公共管理类,690205,公共事务管理,
公共管理与服务类,公共管理类,690206,行政管理,
公共管理与服务类,公共管理类,690207,质量管理与认证,
公共管理与服务类,公共管理类,690208,知识产权管理,
公共管理与服务类,公共管理类,690209,公益慈善事业管理,2016年增补,
公共管理与服务类,公共服务类,690301,老年服务与管理,
公共管理与服务类,公共服务类,690302,家政服务与管理,
公共管理与服务类,公共服务类,690303,婚庆服务与管理,
公共管理与服务类,公共服务类,690304,社区康复,
公共管理与服务类,公共服务类,690305,现代殡葬技术与管理,
公共管理与服务类,公共服务类,690306,幼儿发展与健康管理,2016年增补,
